<?xml version="1.0" encoding="UTF-8"?>
<beans xmlns="http://www.springframework.org/schema/beans" 
    xmlns:xsi="http://www.w3.org/2001/XMLSchema-instance" 
    xmlns:p="http://www.springframework.org/schema/p" 
    xsi:schemaLocation="http://www.springframework.org/schema/beans 
    http://www.springframework.org/schema/beans/spring-beans-3.0.xsd">


       <bean class="com.spring.core.reference2.Math2" name="Mathmatics2"> 
       
       <property name="y" value="30"/>
       </bean>
       
      <bean class="com.spring.core.reference2.Math1" name="Mathmatics1">
      
       <property name="x" value="10"/>
        <property name="ob">
        <ref bean="Mathmatics2"/>
        </property>
        
     
       
          </bean>
 </beans>