<?xml version="1.0" encoding="UTF-8"?>
<beans xmlns="http://www.springframework.org/schema/beans"
    xmlns:xsi="http://www.w3.org/2001/XMLSchema-instance" 
    xmlns:p="http://www.springframework.org/schema/p"
    xmlns:context="http://www.springframework.org/schema/context"
    xsi:schemaLocation="http://www.springframework.org/schema/beans
http://www.springframework.org/schema/beans/spring-beans-3.0.xsd
http://www.springframework.org/schema/context 
http://www.springframework.org/schema/context/spring-context-3.0.xsd">

     <context:component-scan base-package="com.main.controller" /> 
     
    
<bean class="org.springframework.web.servlet.view.InternalResourceViewResolver" name="ViewReslover">

<property name="prefix" value="WEB-INF/views/" />
<property name="suffix" value=".jsp">
</property>

</bean>

<bean class="org.springframework.jdbc.datasource.DriverManagerDataSource" name="ds">
	
	<property name="driverClassName" value="com.mysql.jdbc.Driver"></property>
	<property name="url" value="jdbc:mysql://localhost:3306/ProductApp"></property>
	<property name="username" value="root"></property>
	<property name="password" value="akash@2302"></property>
	</bean>

 </beans>
       