<?xml version="1.0" encoding="UTF-8"?>
<beans xmlns="http://www.springframework.org/schema/beans" 
    xmlns:xsi="http://www.w3.org/2001/XMLSchema-instance" 
    xmlns:p="http://www.springframework.org/schema/p" 
    xsi:schemaLocation="http://www.springframework.org/schema/beans 
    http://www.springframework.org/schema/beans/spring-beans-3.0.xsd">


       <bean class="com.spring.core.reference.B" name="bref"> 
       
       <property name="y" value="90"/>
       </bean>
       
        <bean class="com.spring.core.reference.A" name="aref"> 
        
        <property name="x" value="10"/>
        <property name="ob">
        <ref bean="bref"/>
        </property>
        
        </bean>
 </beans>