<?xml version="1.0" encoding="UTF-8"?>
<beans xmlns="http://www.springframework.org/schema/beans" 
    xmlns:xsi="http://www.w3.org/2001/XMLSchema-instance" 
    xmlns:p="http://www.springframework.org/schema/p" 
    xsi:schemaLocation="http://www.springframework.org/schema/beans 
    http://www.springframework.org/schema/beans/spring-beans-3.0.xsd">


       <bean class="com.spring.core.collection.Employee" name="Employee1"> 
       
       <property name="name" value="Akash"/>
      
       <property name="phones">
       <list>
       <value>9876543</value>
       <value>867564789</value>
       <value>669876543</value>
       </list>
       
       </property>
       
       <property name="addresses">
       <set>
       <value>Akash</value>
       <value>Vikash</value>
       <value>Alex</value>
       </set>
       </property>
       
       <property name="courses">
       <map>
       <entry key="Java" value="2 months"/>
        <entry key="Python" value="1.5 months"/>
         <entry key="c" value="1 months"/>
       </map>
       </property>
       
       
     
       
   </bean>
 </beans>