<?xml version="1.0" encoding="UTF-8"?>
<beans xmlns="http://www.springframework.org/schema/beans" 
    xmlns:xsi="http://www.w3.org/2001/XMLSchema-instance" 
    xmlns:p="http://www.springframework.org/schema/p" 
    xsi:schemaLocation="http://www.springframework.org/schema/beans 
    http://www.springframework.org/schema/beans/spring-beans-3.0.xsd">

       
      <bean class="com.spring.core.constractor.injection.Person" name="Data1">
      
       <constructor-arg>
       <value>121</value>
       </constructor-arg>
       
       <constructor-arg>
       <value>Akash</value>
       </constructor-arg>
       
        </bean>
       <bean class="com.spring.core.constractor.injection.Subject" name="Sub">
       <property name="lession" value="Chemistry"/>
     
       </bean>
 </beans>