<?xml version="1.0" encoding="UTF-8"?>
<beans xmlns="http://www.springframework.org/schema/beans" 
    xmlns:xsi="http://www.w3.org/2001/XMLSchema-instance" 
    xmlns:p="http://www.springframework.org/schema/p" 
    xsi:schemaLocation="http://www.springframework.org/schema/beans 
    http://www.springframework.org/schema/beans/spring-beans-3.0.xsd">


       <bean class="com.spring.core.Car" name="car1">
        <property name="price">
        <value>80000000</value>
        </property>
        
        <property name="model">
        <value>2021</value>
        </property>
        <property name="name">
        
        <value>Creta</value>
        </property>
        
        <property name="color">
        <value>Red</value>
        </property>
         
         
         
       </bean>

</beans>